GO_term,category,description,ERR2538488,ERR2538396,ERR2538501,ERR2538446,ERR2538365,ERR2538354,ERR2538494,ERR2538510,ERR2538415,ERR2538376,ERR2538359,ERR2538504,ERR2538526,ERR2538465,ERR2538503,ERR2538424,ERR2538389,ERR2538523,ERR2538405,ERR2538524,ERR2538356,ERR2538448,ERR2538466,ERR2538381,ERR2538460,ERR2538402,ERR2538418,ERR2538474,ERR2538410,ERR2538407,ERR2538459,ERR2538469,ERR2538457,ERR2538384,ERR2538401,ERR2538455,ERR2538447,ERR2538382,ERR2538520,ERR2538414,ERR2538470,ERR2538433,ERR2538426,ERR2538487,ERR2538360,ERR2538452,ERR2538517,ERR2538439,ERR2538509,ERR2538398,ERR2538392,ERR2538516,ERR2538514,ERR2538507,ERR2538491,ERR2538351,ERR2538497,ERR2538419,ERR2538525,ERR2538417,ERR2538386,ERR2538492,ERR2538374,ERR2538350,ERR2538353,ERR2538449,ERR2538357,ERR2538490,ERR2538422,ERR2538394,ERR2538473,ERR2538477,ERR2538511,ERR2538522,ERR2538355,ERR2538421,ERR2538406,ERR2538442,ERR2538379,ERR2538496,ERR2538502,ERR2538512,ERR2538475,ERR2538454,ERR2538519,ERR2538441,ERR2538451,ERR2538456,ERR2538479,ERR2538527,ERR2538444,ERR2538481,ERR2538480,ERR2538361,ERR2538440,ERR2538368,ERR2538387,ERR2538372,ERR2538438,ERR2538366,ERR2538352,ERR2538476,ERR2538505,ERR2538358,ERR2538378,ERR2538383,ERR2538375,ERR2538495,ERR2538429,ERR2538364,ERR2538425,ERR2538482,ERR2538437,ERR2538498,ERR2538428,ERR2538412,ERR2538450,ERR2538472,ERR2538493,ERR2538484,ERR2538369,ERR2538411,ERR2538458,ERR2538434,ERR2538430,ERR2538391,ERR2538435,ERR2538420,ERR2538432,ERR2538380,ERR2538404,ERR2538395,ERR2538408,ERR2538471,ERR2538388,ERR2538500,ERR2538385,ERR2538349,ERR2538453,ERR2538506,ERR2538499,ERR2538431,ERR2538362,ERR2538413,ERR2538373,ERR2538463,ERR2538464,ERR2538468,ERR2538483,ERR2538485,ERR2538478,ERR2538518,ERR2538508,ERR2538393,ERR2538461,ERR2538371,ERR2538390,ERR2538427,ERR2538403,ERR2538363,ERR2538489,ERR2538370,ERR2538400,ERR2538521,ERR2538443,ERR2538397,ERR2538367,ERR2538436,ERR2538409,ERR2538377,ERR2538399,ERR2538423,ERR2538445,ERR2538515,ERR2538416,ERR2538513,ERR2538467,ERR2538486,ERR2538462,SRR1950756,SRR1950712,SRR1950750,SRR1950763,SRR1950711,SRR1950732,SRR1950757,SRR1950735,SRR1950786,SRR1950727,SRR1950770,SRR1950687,SRR1950709,SRR1950778,SRR1950726,SRR1950722,SRR1950707,SRR1950715,SRR1950728,SRR1950789,SRR1950723,SRR1950759,SRR1950771,SRR1950764,SRR1950716,SRR1950699,SRR1950742,SRR1950693,SRR1950769,SRR1950733,SRR1950751,SRR1950762,SRR1950766,SRR1950772,SRR1950787,SRR1950758,SRR1950737,SRR1950744,SRR1950760,SRR1950754,SRR1950747,SRR1950731,SRR1950785,SRR1950714,SRR1950705,SRR1950784,SRR1950710,SRR1950775,SRR1950788,SRR1950780,SRR1950753,SRR1950689,SRR1950743,SRR1950730,SRR1950779,SRR1950736,SRR1950782,SRR1950703,SRR1950717,SRR1950777,SRR1950697,SRR1950773,SRR1950720,SRR1950718,SRR1950721,SRR1950734,SRR1950724,SRR1950776,SRR1950767,SRR1950781,SRR1950745,SRR1950783,SRR1950691,SRR1950713,SRR1950755,SRR1950768,SRR1950741,SRR1950790,SRR1950752,SRR1950738,SRR1950761,SRR1950739,SRR1950701,SRR1950740,SRR1950774,SRR1950729,SRR1950719,SRR1950748,SRR1950749,SRR1950765,SRR1950695,SRR1950725,SRR1950791,SRR1950746,SRR2005638,SRR2005657,SRR2005720,SRR2005713,SRR2005669,SRR2005662,SRR2005644,SRR2005671,SRR2005706,SRR2005665,SRR2005717,SRR2005656,SRR2005649,SRR2005655,SRR2005678,SRR2005663,SRR2005369,SRR2005710,SRR2005712,SRR2005723,SRR2005715,SRR2005697,SRR2005724,SRR2005645,SRR2005651,SRR2005498,SRR2005676,SRR2005455,SRR2005421,SRR2005635,SRR2005714,SRR2005636,SRR2005673,SRR2005379,SRR2005661,SRR2005719,SRR2005659,SRR2005374,SRR2005666,SRR2005718,SRR2005378,SRR2005643,SRR2005725,SRR2005647,SRR2005376,SRR2005698,SRR2005648,SRR2005727,SRR2005664,SRR2005670,SRR2005660,SRR2005667,SRR2005709,SRR2005640,SRR2005721,SRR2005672,SRR2005637,SRR2005373,SRR2005716,SRR2005704,SRR2005380,SRR2005381,SRR2005652,SRR2005646,SRR2005639,SRR2005538,SRR2005722,SRR2005642,SRR2005654,SRR2005650,SRR2005658,SRR2005674,SRR2005707
GO:0003674,molecular function,molecular_function,33694,11711,7638,14977,39646,48461,10480,18862,64678,44285,33023,28043,16124,2063,24730,12843,32114,29096,55674,13703,32117,20387,8633,19622,51237,49796,20343,23756,16335,38873,20838,12744,11236,34908,67886,14131,17904,22832,18995,21604,17343,8521,7751,12946,50415,10355,23727,21090,27632,51009,40857,4057,19050,18409,37990,33165,3082,32840,76197,11156,21417,30203,54682,24841,28451,17985,36955,10908,10366,65161,17207,33750,10014,31868,75547,18757,45053,12514,41586,32522,13549,7347,17461,17893,42363,10945,3080,3734,5075,44682,14068,2145,20788,35504,16576,58712,50365,28760,14865,33239,32667,36611,18756,21064,46202,43053,61222,6075,1140,21338,8354,21869,9758,33377,2491,4812,30841,19167,22159,30086,45913,7974,16039,13785,923,45240,1554,6003,8000,38329,44410,41977,35738,21927,37146,21868,22044,27703,3360,13308,27092,10773,27950,614,54866,15665,10076,32357,29377,31860,19602,33628,15141,46780,4052,28472,51769,3724,72768,29526,6289,19933,53239,29320,7669,24463,36253,12535,3163,34270,44373,5251,21953,17189,70694,17525,24695,16700,14447,2874,2203,8952,2675,3019,7517,2529,4235,3398,1957,2264,11526,4463,2560,6187,4644,12164,7764,3770,2533,9165,4906,1763,2105,7899,5402,5170,5786,2671,3062,4106,2301,2047,4705,2698,1242,4696,6364,584,1757,2718,4550,1506,4331,8297,2753,7508,1065,2525,7829,1298,3642,5052,2629,7543,3828,3054,5007,3140,2533,5325,1022,5833,7819,3788,2826,10037,1184,4047,2155,2165,1972,4412,1572,4153,3956,3852,1563,3602,4992,1203,2927,5643,3738,631,2469,12699,3169,2575,2067,7816,4892,1744,2695,19,7510,107,182,7587,11,810,8503,43,393,17,99,98,78,3869,2133,618,4049,6157,53,9513,435,6,4390,29171,631,58,2149,5,3603,184,259,11058,13470,247,2466,347,25,623,112,207,3924,5,112,982,121444,163,3561,36,2768,72,1330,6377,9091,857,47,10,14,631,20304,10284,11,5878,25,73,9366,14081,10,32164,70,1415,2174,1023
GO:0016209,antioxidant activity,molecular_function,4610,3653,1509,2247,17574,14192,1520,5806,5736,15516,11383,3193,3318,53,4105,1222,8245,7901,11065,2391,11803,3550,1409,5028,14125,22185,3278,7327,2770,10891,4160,2693,2524,11597,23271,2412,3313,3689,3278,7624,3935,1816,1175,2230,19051,2793,6420,4187,6859,15288,12154,611,5150,1949,8497,10079,601,6550,2147,1792,5708,4853,20920,11075,6888,1842,15450,2495,813,24519,6325,6759,2159,8156,8812,1247,16383,1335,15314,4170,2454,1656,4641,3383,10777,1209,734,643,807,6903,2153,382,5662,11290,3061,22036,21562,11785,1483,11635,12207,9305,4427,8265,18029,18199,23878,1460,264,6200,1320,5060,1085,3064,418,606,8091,2814,4952,5739,16634,928,4299,1302,210,14212,199,1039,2399,9437,16171,11599,10240,4877,13922,3655,8649,8218,831,2616,4342,2851,7822,164,21199,2132,2050,6538,6707,3769,3699,10437,2724,12391,562,10366,9543,502,25640,12758,1313,6865,21997,4136,1274,5505,13410,2037,444,11627,16908,669,4393,2634,9273,4039,5509,2691,2242,651,528,1971,541,402,1979,614,817,776,196,493,2822,634,648,1702,1271,933,1361,647,404,2099,1056,401,439,1523,868,905,1187,598,529,968,544,387,858,591,211,1366,1332,133,404,584,1192,296,798,741,583,720,166,467,1599,243,717,955,668,1590,824,676,972,706,710,1459,171,1115,1656,964,537,2214,161,571,312,331,366,800,279,911,734,702,337,871,1494,205,699,1151,1015,76,526,2401,595,557,471,2131,1187,306,482,5,2242,22,60,363,2,284,3035,17,125,2,16,39,9,1446,286,111,1224,672,1,2743,45,0,1395,2148,155,24,519,0,1090,53,98,2721,4728,33,736,172,9,157,30,55,1122,0,21,252,3668,61,967,5,920,34,323,1841,2852,190,11,3,8,121,5978,3563,1,1633,4,13,2513,6,1,1026,25,179,707,188
GO:0004601,peroxidase activity,molecular_function,9238,6792,2728,2822,35259,28297,2936,15094,7370,30899,27767,6816,9475,97,7985,1860,18632,16330,20488,4972,31312,6255,1761,7575,25413,31079,5857,18847,4692,23401,5859,4369,5525,20591,55090,3386,5070,6459,4926,19826,7703,2716,1878,3739,42037,4717,13123,6191,15673,32034,26252,1017,15841,4983,16656,20033,875,11667,3487,3140,12680,6926,40542,22705,13962,4059,21217,4058,2169,44043,12499,11447,3622,16959,16051,4104,38583,2739,29253,8634,4837,2750,10152,9032,22714,2410,1180,948,1252,20406,3292,658,10789,22984,4755,48111,35308,17315,1846,20048,23194,25454,10313,19364,41633,35976,44515,2691,433,15459,2079,6265,2110,7482,757,1124,16654,5894,9162,9506,27660,1744,11111,3061,387,26376,424,1586,3858,20124,31442,23968,16163,10212,25325,6518,12191,16451,1511,6085,7944,4488,13573,343,45653,3009,3774,11409,10256,7523,5946,27217,5098,21718,1005,30026,16791,953,53113,25340,2168,19494,36716,2306,1933,13044,27880,3134,712,30003,35177,919,5948,4145,15452,8110,9713,5447,4017,858,675,2842,903,800,3391,651,1141,1041,218,702,5346,988,921,3148,1685,1806,2407,999,924,2786,1750,680,539,2512,1186,1362,1368,785,763,1529,1006,547,1531,771,272,1670,1864,209,485,753,1974,438,1159,1505,732,1102,229,992,2221,333,1340,1360,1206,2178,1328,834,1310,940,867,1664,208,1682,2890,1235,696,3094,199,1143,521,558,528,952,348,1302,1168,1096,465,1447,1975,312,1220,1529,1629,90,864,3929,917,772,607,2571,2238,392,778,3,4788,32,64,759,2,660,6518,53,438,2,51,74,20,3127,522,192,2688,1904,7,3765,73,3,2865,3229,306,49,1025,4,1877,107,209,7089,5403,50,1220,357,16,575,62,113,3192,1,32,440,6403,84,1807,13,2464,61,617,3723,4237,264,24,15,6,221,9808,4203,4,2316,7,47,4517,9,1,1768,39,398,1654,550
GO:0003824,catalytic activity,molecular_function,217779,208866,69504,162682,592924,616494,76868,345050,290698,693219,628629,146620,201496,3665,191772,64829,377130,338322,560061,133641,690524,162521,67471,218433,720664,738606,157823,380096,135436,502463,185060,133633,135489,528995,1363903,109330,150469,170100,158912,435893,192765,79255,55750,100668,932634,134489,291948,177462,401100,627277,599036,25632,352558,94412,385793,467115,25907,293959,112172,82708,306886,194871,924459,364342,310455,90345,463355,114639,42725,903287,258132,321214,98423,380988,420466,62708,845438,57556,611185,181157,117228,82082,236818,187443,554716,53473,35265,26546,43769,401557,95041,19199,233184,539666,131062,890959,737026,372877,65200,449617,449697,544046,251174,422033,981729,575837,1026703,71749,14521,344472,62015,224262,59962,147502,20730,32003,450818,128134,215072,258120,539915,45591,276705,66724,11662,659640,10497,49655,112037,487335,551502,622059,470750,229546,459937,164331,289108,394702,36681,149509,206209,129288,374802,8887,923427,105154,101670,313993,305524,175095,170645,584928,122595,581918,31229,639102,433067,25028,1007544,552105,65793,408994,756116,158475,54678,291270,549881,90963,25532,744992,801847,32440,216076,128348,481522,205783,261023,124643,115211,27203,22035,85079,26604,19123,92397,24239,34043,35431,7714,22154,135638,26750,29205,71601,53086,40478,68602,30514,19376,89717,50231,16957,16408,70696,38383,40301,53440,24961,24817,38235,24710,18269,45042,26982,9172,58666,60688,6028,15924,25710,54969,13855,36986,35433,26963,33059,8504,22217,78964,10482,35964,44421,37062,72290,33583,27942,41698,28251,27114,64390,8109,49088,72806,42496,25359,100765,7611,32539,16910,14874,16198,35917,12190,40959,35867,31093,16372,34116,62186,8046,31731,48505,43350,3322,24898,111337,29108,24619,21478,97960,51525,13649,24813,195,149600,803,2577,17550,31,15682,136736,1203,9128,148,1028,1710,381,64948,12744,5781,84626,51867,256,112883,2306,43,79339,93884,7940,1109,31089,107,58760,2465,4869,154307,195420,1358,34939,8904,359,12215,1933,3492,60281,54,879,14449,175739,2328,59761,360,56059,1184,17357,125865,120198,7740,475,125,119,5630,263871,138020,105,68288,333,1198,120932,395,107,46313,707,11747,48221,10120
GO:0016787,hydrolase activity,molecular_function,114002,70530,30751,75978,240465,251832,36590,127120,154463,273422,239365,84121,76524,1669,90545,34727,164987,136452,204774,52336,249681,78060,23883,86264,307051,303023,69772,146792,58021,199109,88420,53730,50027,220176,466168,53677,69183,84769,64315,158953,83711,37495,24103,49539,356891,60267,124924,88335,149674,273838,217295,13437,125001,50718,163773,184992,11978,130294,57946,37776,122958,100240,368262,151605,137244,48172,210937,44790,23156,370525,101455,147108,46396,151935,172638,39517,310154,34215,245767,119348,55330,40809,93954,77644,234763,29333,16408,13213,20479,171284,49183,7770,101950,209017,67883,366516,300395,174560,35873,199399,189530,199920,96982,164386,369277,252980,401987,29920,4753,178362,24991,100930,30575,99139,9525,14577,166653,66881,99192,136650,238596,22386,95418,32127,4339,244870,4868,25198,50997,190335,251781,223815,202961,96804,204905,79429,121522,157931,14488,59937,90777,57594,142059,3153,386497,47077,43911,137452,149455,93510,73050,239303,56410,233209,12739,230610,180212,12401,416725,225670,26143,152322,308594,72007,29130,117347,229720,46549,10490,268326,362953,16868,79796,55414,225150,79289,113873,61872,46738,13114,10544,38743,12501,9536,37462,12356,16174,16589,3853,10068,55483,14539,13573,27910,26307,24697,29490,13643,10155,42958,21106,6781,8006,29357,18673,18945,26690,11288,11345,16745,10272,8429,17925,12800,4603,28443,27611,2689,7481,12401,22467,6303,17382,20552,11806,18359,4042,10873,35496,4876,14843,20390,14494,31959,15609,12872,19940,12952,12655,31181,3948,19864,32855,20724,11618,49295,3747,12971,8249,7208,7334,18204,5423,19766,14479,13965,7394,15348,28487,3626,13436,23331,18731,1586,10847,43669,13466,11265,10405,47388,20870,6838,11065,83,47220,333,1220,6922,12,5363,48719,370,2742,44,339,601,176,22747,5479,2274,24859,17025,89,50158,850,21,27374,38112,2781,412,11009,40,25191,1028,1724,56062,93411,611,14182,2938,150,4151,688,1158,21151,27,400,4836,83985,859,20214,158,19324,393,6388,37008,55949,3084,152,47,51,2333,110558,66346,48,29088,115,434,40331,702,26,17194,287,3718,13610,3725
GO:0008233,peptidase activity,molecular_function,49762,29753,13657,30245,118144,100716,15845,48413,86329,107243,86521,39085,31608,590,38905,16557,63347,57417,84549,22848,104647,32295,10560,34868,100388,105070,30245,60132,27407,85485,33137,24004,21901,76054,196101,19164,27763,35135,27685,63778,36433,13147,10678,21068,134128,18440,46532,31463,61391,98261,84529,6654,44999,21200,59520,79655,5008,42802,25656,17603,46491,38886,139126,75265,53087,25251,82020,18732,12156,144804,41260,67133,15405,64164,71118,19659,118464,17790,94450,44901,24743,11614,38161,33593,78220,15971,5064,5350,7781,73646,20042,3701,38297,81652,24325,130855,114703,71598,25978,101568,80259,75662,37787,57102,131495,95336,153509,12852,2188,51066,11570,66035,15063,43718,4097,7500,68110,30298,38276,44502,98309,11512,40516,16941,1747,99858,2207,8578,13928,81675,96525,94797,65535,41200,79221,33476,42369,61576,6253,23857,38126,16767,58064,1367,133386,23734,17033,56136,42969,39919,32112,85012,26715,89929,6039,97050,71883,5947,150121,86957,10979,53855,123007,45550,11086,46407,94087,17875,5086,95237,109721,7079,36091,25576,108509,32413,42983,26012,23301,4953,3756,14873,4103,3585,14795,4381,6766,6083,2212,3449,20987,6154,4852,11189,8463,12846,11273,5816,4146,15114,8297,2833,3056,11587,8198,8000,8872,3911,4966,6748,4909,3530,7425,4537,1705,8232,10083,993,2858,4514,9024,2553,6889,10132,4890,11549,1898,4512,15418,2001,5946,7928,6474,12188,6597,5338,8389,5863,4447,8814,2005,8101,13186,7164,5884,17041,1772,4724,3603,3708,3331,6500,2409,7251,5435,6007,3368,6623,9475,1940,5378,9378,7040,841,5125,18250,5183,4220,5129,12881,8967,3459,5091,42,19792,117,830,2707,6,2383,20967,149,1136,15,134,261,79,7831,2275,1037,11819,7013,36,15351,344,7,13683,13695,932,158,4700,19,13025,372,853,23311,24481,253,4661,1263,49,1718,245,480,8111,10,179,2154,29384,386,8496,58,7433,180,2581,16022,15140,1270,62,19,20,863,40427,17596,19,9084,53,207,15258,65,13,6945,129,1527,6045,1463
GO:0016791,phosphatase activity,molecular_function,7090,8690,1988,3405,22912,27548,2342,15996,10419,31929,29454,4026,7248,65,4616,1717,16282,11808,17274,3080,33529,4790,1206,4980,14250,31259,3620,17596,3297,24059,2740,3427,4699,21602,56262,1300,2579,4729,3335,18391,6213,1064,1276,2382,45408,1897,12613,2199,17681,27937,25366,681,16990,3538,5878,19196,652,3354,3518,1893,12178,3786,43623,13980,11711,3231,21721,2476,1438,38621,11069,5784,1405,11785,11663,2264,38445,2008,26336,4827,3706,691,8754,7492,13752,1954,524,374,800,17648,2132,323,8509,23019,1908,42868,29796,17174,2982,20680,18701,23153,7979,20068,48812,26548,52362,2172,331,14113,1517,5551,1499,4845,586,1110,17134,4121,3794,3355,27338,1358,11558,2241,383,24425,263,810,570,16203,21927,25979,8035,7105,17504,4067,11052,16143,889,4753,4652,918,10883,301,45328,2788,2356,8056,2843,5058,3996,28426,3475,8978,758,31773,9780,784,46317,27793,1239,20248,29804,5679,1073,12268,23357,1569,654,38794,36987,666,4141,2470,15403,5875,6569,4103,3007,521,357,1427,462,341,1544,370,716,539,275,335,1254,646,462,1465,626,1380,1056,673,396,1493,828,359,277,1000,811,1190,698,353,511,697,382,331,822,352,142,496,1117,99,322,562,885,331,749,1027,480,1546,186,515,1164,217,433,960,1409,1030,879,503,805,676,393,331,205,831,1588,496,506,1635,188,477,350,440,370,583,252,810,600,1042,328,706,829,181,614,853,776,108,523,1685,556,473,338,414,1051,382,465,8,4455,23,30,405,0,577,4895,49,387,4,29,66,9,1313,303,166,2709,1782,3,1447,69,2,2898,1630,128,36,943,3,2441,91,165,3065,978,21,791,453,13,477,86,121,1927,0,42,536,3632,65,2026,6,2331,25,411,4328,936,156,5,6,5,166,4675,785,2,736,5,27,1927,8,6,1123,30,343,1587,230
GO:0017111,nucleoside-triphosphatase activity,molecular_function,103329,82777,28062,65636,231246,242332,31519,139470,182506,274957,250876,80739,78914,2072,80769,38942,160975,132991,223979,46948,274208,80052,25539,74382,337503,287408,60087,157226,50616,209612,95388,47489,55087,203472,545901,56864,70002,77381,51659,171989,74756,37357,20735,39378,385819,60936,129503,91721,150275,253712,219504,12583,140243,48501,138943,193589,9258,122308,74712,32356,125602,107054,365164,143192,124046,48437,190155,40624,22208,359339,96295,107309,45789,144499,179664,35454,321893,33215,238427,100043,50970,39546,91698,82714,241693,27803,16416,14217,23167,183544,49509,6827,90813,208065,67536,360300,290823,166532,40006,223145,185375,231345,90439,180999,399533,233611,415022,28240,4920,130113,21382,116343,27624,77435,10533,15468,160789,57531,81575,130054,221132,21557,115286,32955,4115,247229,4375,25910,52147,190753,223770,251775,197671,82047,181851,75289,108991,149268,14186,55954,83598,57262,137316,3215,389974,53067,48539,141611,139922,78545,65328,259255,50199,207121,12598,253508,171941,12862,397773,245719,22475,163301,305896,107965,28729,125016,228278,46820,10373,291796,317457,17971,74023,48558,267038,77465,116612,55262,47413,11999,9562,33141,11224,6919,31424,11380,15804,15852,3134,9215,40071,13154,12790,24347,24223,25414,21635,10996,6750,39501,19017,5780,7206,21982,18331,17556,25717,10083,9522,13803,8299,8013,14784,11934,4324,26085,23597,2469,6713,11520,19625,5730,14741,19848,10402,16736,3928,8109,29467,4522,10825,16149,14665,25922,15211,10430,18674,10475,11786,30405,3522,16007,29621,18902,11236,45080,2964,10837,7062,6586,6361,17545,4489,18159,12492,12378,6723,12524,25862,2736,11607,21546,16010,1563,9565,35039,12404,10142,10513,45577,17902,6495,9632,81,52577,289,1466,7734,19,6434,51217,435,3316,51,455,658,222,20450,6124,2627,32638,18883,110,52644,980,21,33618,48633,2142,423,12137,38,29592,1023,2235,50760,90226,678,15099,2946,125,4749,802,1372,21028,14,344,5791,125624,840,23285,154,21125,358,5193,48196,55002,2656,190,27,41,2384,123384,64528,48,30702,138,441,34512,6283,23,29659,316,4427,16770,3317
GO:0009055,electron carrier activity,molecular_function,72818,12832,13226,9192,48237,42925,17678,30174,83562,54438,40771,49932,24240,574,39529,19682,57662,34542,49179,12786,39361,31250,8092,21245,60185,53065,28073,31820,22853,46813,29684,15544,14057,44238,79000,14873,20324,43681,20324,26468,21878,12166,9567,23447,56297,11936,27976,34925,46245,69006,46337,6811,27954,38050,47483,39284,5264,36043,11628,17515,30445,38577,61486,29965,44924,33769,40760,15852,15712,68272,20823,47378,15793,43981,45023,41760,50983,33834,44416,98003,26572,10325,21605,33879,59121,19295,4010,6053,5701,84886,23469,2978,29386,41196,33446,66847,57817,30940,29517,29865,36745,40684,22855,25486,56777,45238,62861,7208,1413,27479,7753,23399,17811,90306,3726,7655,32817,43798,36328,49629,39494,11459,23302,24944,1012,54427,3327,9714,10568,47063,50741,38597,39550,35466,41590,34404,23821,33992,5340,15071,30723,12586,34398,792,61822,26289,22133,43073,41560,77161,25666,50795,26460,55757,6350,36121,50823,6068,90281,30190,6071,24010,60330,32349,14690,44467,45829,23024,3573,46904,60012,7475,25841,19179,89607,23446,33746,34661,21484,3340,2418,9135,3569,3272,8726,2992,3978,4166,1516,2396,9693,10447,2728,6994,5337,26461,7914,4624,3388,10251,5659,1717,2461,8055,8137,5071,5759,2725,3112,5694,2578,2041,4279,3059,1516,5136,9277,687,1793,2878,5460,1718,5942,12317,3060,5791,1009,3155,6405,1483,3065,6703,2361,6912,4529,3770,7545,3777,2570,5388,1033,5938,9969,4280,2476,12526,1053,3698,2364,2083,2003,5455,1619,4716,3683,3566,1593,5170,5152,1013,3323,10425,4382,514,2337,12200,3336,2690,2237,8367,5105,1422,2706,24,8340,70,69,1348,3,943,8530,78,565,13,46,95,42,4621,997,580,4827,5040,13,10654,179,2,4195,8311,567,64,2582,7,2195,243,252,13386,16392,110,2697,391,24,834,100,218,4761,6,81,667,12571,145,4038,32,3820,80,1414,6152,11743,631,43,9,14,438,19140,12818,14,6640,16,75,8936,26,4,3898,42,704,2465,866
GO:0016853,isomerase activity,molecular_function,56615,54234,17623,44259,164450,189836,18769,96847,73325,190381,170858,39657,51310,739,45928,18618,107556,86694,136242,27830,195727,47066,12118,47253,232977,194361,34408,107762,28822,141725,62403,29879,33283,142760,361795,34710,43135,41427,31298,121790,47960,25865,12083,22769,262228,41972,90645,57600,100651,168385,146301,6777,97311,25150,91604,132118,5777,80735,26714,17910,80315,66433,256865,101746,79037,22106,131661,23215,9912,244954,67705,70212,29375,92657,99526,14535,231545,15266,163951,53424,30230,27457,61508,48764,167413,13029,11082,8330,14313,104509,28996,3910,60648,149855,41909,253393,197398,114484,18638,156663,131051,150588,61017,125901,273925,158093,289375,18620,2801,87809,12074,73549,13790,38608,5704,7467,110087,31115,51744,82457,164258,10260,76012,15686,2576,158737,2396,16085,38126,114420,151668,165676,138985,50489,122610,43578,70828,99632,8966,37697,50218,40499,93113,2098,272492,28679,29437,89209,95240,40917,39427,184435,29136,143094,6164,182844,103244,6647,280366,164043,14517,114467,207506,70027,17116,79164,163586,28069,5820,210884,227605,9765,41820,25929,134202,49462,75741,31671,23917,8134,6329,21999,7363,4286,19749,7422,8829,10186,1563,6159,26302,7274,8578,13783,16420,10333,13265,6386,4368,26594,11635,3607,4526,13816,10235,10420,15930,6890,5615,8586,5659,5085,9268,7888,2881,18555,14485,1555,4577,7187,12519,3787,9246,9112,6813,8415,2370,5370,19191,2990,7330,9945,9497,17286,8312,6439,11048,6402,8180,20900,2138,9820,17967,12858,6777,29977,1954,6558,4229,3847,4003,10307,2701,12196,7826,7811,4546,7966,17955,1875,7160,13086,10134,814,5737,21975,8164,6723,6427,32098,10195,3905,6025,37,35775,187,946,3698,6,4459,35888,281,2257,43,234,430,119,12314,3731,1606,22087,11382,40,38215,561,13,23717,27748,1393,302,7892,32,18898,691,1425,31870,65144,355,13053,2239,93,3162,449,846,13454,15,224,3629,57613,596,15231,107,14422,250,3328,42654,40543,1879,104,17,26,1604,89692,46708,32,22607,91,353,21134,118,31,13032,190,2845,12468,2090
GO:0016874,ligase activity,molecular_function,97366,93955,30871,68213,298175,318122,31303,162846,142830,340955,329731,65971,90675,1204,75205,31515,183120,152841,237572,48292,330882,77394,21106,79853,335554,358345,57863,184168,49256,271789,86684,51768,59410,247556,629700,47219,65421,70325,52017,210569,81091,36860,20091,38612,469509,59420,140072,78008,174055,315102,287373,11366,168924,43617,147150,219601,10126,116376,45081,29963,138106,92081,499998,183546,142441,40451,260339,40210,19145,473252,122475,115679,39954,156705,172169,28150,411695,26604,314830,83754,50735,36024,107410,88209,248206,22880,15759,11787,19437,189230,45895,6624,105827,257509,59217,482657,365295,210371,38037,254387,220401,263322,108588,214384,483866,302037,536358,31440,4905,154797,20328,124461,23603,69719,9283,13897,179789,56128,85406,115409,309898,18696,132476,29179,4699,280741,4034,22294,48110,205900,283284,288540,194229,93803,225678,69107,136846,177156,15269,63874,80861,53398,156814,3498,481448,44892,44276,148149,130131,70337,65328,296024,48614,227441,11296,310987,169420,11414,507888,292557,22803,214216,383406,111405,26119,135429,272598,41440,9781,361392,404769,14928,71518,45521,231986,85783,120400,54401,42013,12518,8833,34448,10825,6352,31807,10578,14746,14349,2611,9003,45716,11726,12591,24595,23728,18359,21472,10365,6927,40117,18490,5744,6641,22306,16391,16925,22986,9663,9217,14526,9364,7514,14220,11143,3815,25659,22047,2220,6639,10942,20076,5655,13735,15755,10086,13401,3570,8458,29214,4390,12323,14466,14600,25543,14858,10463,17513,10654,11541,27058,3605,15751,29953,18218,10810,45310,2988,10070,7220,6107,6171,15549,4080,19461,11969,12857,7081,13986,27365,2899,12403,20076,16629,1304,9460,35076,11928,9993,9632,41541,18021,6213,9843,68,64730,347,1549,6979,16,7747,67475,591,4044,65,492,743,208,22575,5603,2742,38433,20646,85,51872,905,12,39774,42542,2213,482,13976,52,32703,1118,2460,56045,83208,645,15953,3502,144,5533,828,1670,26158,30,429,6402,86224,1033,27032,155,26564,436,6799,55291,52692,3042,134,48,42,2547,126873,59449,39,30450,163,533,36300,197,40,22153,336,5283,21528,3611
GO:0016829,lyase activity,molecular_function,53264,43298,17151,35630,158914,144926,18169,74511,78927,163365,137265,38410,45306,811,46802,17935,88518,83686,122750,30256,152108,39615,15132,52990,161909,176940,36485,86079,31596,115282,44735,31719,30122,121463,294548,26632,37420,41814,35939,95944,44559,19504,12809,24143,203600,30854,69581,42126,93693,158032,133870,6351,73452,23194,96592,105528,6641,71885,27244,20353,68480,46605,221475,99480,75216,24107,134141,26859,11400,225476,63520,79180,22903,89278,100855,16778,195437,15287,150151,46151,28463,19987,54636,42430,126914,13600,8344,6767,10423,91317,24232,4482,56231,127383,31544,220652,183334,99413,18887,105850,113649,117878,56820,95696,211026,155650,233959,16580,3269,73215,13560,53992,15598,39141,5013,8149,97019,33801,54428,63727,138146,11823,57245,16500,2651,155183,2639,12367,25899,114923,146365,135092,110105,57709,120536,39268,70822,88986,8303,33159,48854,30015,85586,2039,218944,24545,22007,75942,72743,42498,40707,132685,29302,138602,7355,138262,102867,6448,249777,118219,14668,86058,191896,36597,13651,65599,133907,22987,6076,158514,182381,8353,50442,33446,120227,47419,60349,29768,26996,6249,4989,19236,6064,4313,19546,5541,8347,8473,1744,5090,33727,6413,6725,14742,12383,10014,13458,6593,4419,21308,10247,3497,3811,14012,9117,9105,12641,5683,5456,9584,5762,4108,8773,6332,2151,13741,13421,1334,3545,5756,11734,3144,7840,8743,6139,8484,1943,5134,16392,2339,9211,10515,7468,14996,8574,6744,9939,6557,6122,14367,1873,10226,16403,9615,5911,23888,1718,6929,4071,3383,3592,8469,2561,9553,7213,7154,3652,9405,14791,1892,7165,11303,9623,746,5553,23088,6675,5370,4880,22009,10823,3167,5376,51,29268,186,642,4246,8,3518,31231,230,1662,30,179,421,119,12680,2838,1276,16282,9980,54,27537,507,5,17507,22326,1549,249,6299,28,13157,575,1017,32181,44307,305,8089,1794,92,2395,399,671,12761,6,214,2780,40676,530,11911,75,11314,239,4215,23822,28912,1783,98,11,31,1253,59274,31862,28,15833,76,262,22608,71,20,10851,157,2373,9035,2156
GO:0016491,oxidoreductase activity,molecular_function,277149,213423,77519,131456,575730,589303,88570,364963,363127,661695,618753,190298,220178,3915,217726,80017,405413,347165,565713,138348,697799,183171,71474,228384,707532,665387,174358,398198,148552,518899,195171,138488,143995,538911,1379977,115651,153856,202763,175215,439336,199260,79987,65301,117449,916880,133398,296990,194159,430376,626013,607029,30366,367363,130240,403279,459752,28730,304421,113974,95533,318806,222394,897183,355231,331985,122999,419780,121631,57574,851997,254938,332326,104440,396583,434403,107728,823075,90116,581946,274756,132588,84293,234849,210866,582929,72728,34626,30731,45871,484896,107792,20586,235381,533588,153276,851971,688926,347775,87667,407171,433324,557387,256191,419566,994113,522849,987234,73233,15166,350563,69324,206026,73504,235123,23700,37939,465562,164676,233085,286772,482222,54713,295804,90810,12306,663180,13203,55679,108658,498411,515555,627137,469065,242537,431263,186642,265067,397570,39113,153203,217588,126675,368844,9036,900707,120628,116169,315798,319176,247772,181198,602967,139484,583923,36000,647582,447807,30274,978471,541905,66602,415901,690676,184940,62684,321906,539359,106053,26337,756710,801143,36966,223148,134631,539986,209868,265232,153092,133259,25697,21901,84858,26523,20671,92308,24080,33822,35027,8556,21915,151804,34800,27635,71025,50367,65727,76330,33651,21622,86141,51023,17869,17695,78970,42762,40437,52348,25156,25872,43557,24918,17725,46904,26706,9372,56041,63777,6344,15674,25629,55435,14069,39965,45834,26736,36909,8407,23393,72196,10778,41224,48076,36792,68776,33855,27945,44894,29128,25850,60980,7814,53037,75462,41002,23126,96161,7991,34913,17439,15772,16403,36801,12712,38284,38078,31214,15583,38454,58183,8360,31602,53627,42862,3606,24000,119632,28494,24623,19704,92242,51001,13077,24336,246,149622,806,1840,16898,36,15069,136000,1212,8920,155,890,1628,443,62378,12113,5706,81046,49923,204,115642,2287,56,73691,89976,7898,1096,32181,94,48123,2483,4436,148958,186952,1370,35542,8293,343,11801,1912,3420,60521,54,884,14309,161117,2224,59580,361,55538,1145,16690,116923,119686,7775,387,94,134,5149,247343,136903,109,69133,332,1064,120377,330,85,45213,644,11897,49024,9844
GO:0000150,recombinase activity,molecular_function,4468,7533,1226,3524,10047,33610,1457,19589,1535,30377,48209,668,6579,39,2036,150,11833,5629,10521,3085,58934,2238,1040,3715,16135,23092,2397,16552,2304,27434,714,2743,3953,19253,87870,116,800,2945,2017,19074,5708,400,869,1638,64693,1453,10588,1063,16224,16321,29217,281,12146,2646,7585,17015,361,3736,2400,1259,14754,2490,53261,6296,10917,1274,5802,2051,204,21570,8662,6294,705,8853,15731,219,17408,328,19142,1448,2106,219,7735,3327,13002,552,301,47,184,14539,421,310,4827,25307,1036,21586,16386,8150,274,12063,16483,20585,13188,33602,80034,8429,59219,2077,181,14162,993,2773,447,919,440,393,20256,1488,3623,446,14833,334,10846,739,404,11952,199,155,396,14253,5792,16154,4222,4037,5293,1737,7286,14361,706,7777,2728,937,14418,211,52839,840,1357,4062,770,2839,2777,21435,2207,10098,146,57732,8805,410,22865,38182,1035,39094,12727,3915,184,15866,23048,385,304,36130,32401,89,2733,1065,6113,6151,3880,3113,883,276,325,1123,362,581,1869,240,327,550,169,275,1861,383,400,2146,379,272,1130,698,881,1372,1068,287,205,1134,571,955,228,312,405,1364,707,229,740,473,87,1056,1546,118,213,345,1076,340,817,400,593,520,162,969,801,111,529,1107,2262,749,355,582,745,390,400,239,130,962,1528,442,379,1412,104,674,447,300,344,181,221,415,663,872,324,1549,1160,171,730,734,895,57,568,2418,548,353,247,303,1441,220,497,2,2560,15,16,295,0,357,2485,22,154,5,14,49,7,1093,362,206,2034,528,10,794,34,1,1435,535,133,36,768,3,2335,49,153,2587,126,33,379,119,14,350,41,97,2171,1,6,364,1907,72,615,10,355,22,254,1841,450,136,5,1,1,66,2609,111,2,515,5,33,5146,10,2,269,29,192,1300,198
GO:0004803,transposase activiy,molecular_function,10389,4028,2340,11914,69079,71644,3336,2914,1092,36596,14633,2336,6752,99,10075,130,6760,16591,27555,6986,6456,951,1544,11625,3041,63320,8949,14987,6805,28628,526,8132,3792,14875,25343,627,2950,8215,9031,16206,9665,1259,4118,6271,11250,1376,12780,1655,15035,48945,15515,688,2883,2408,29220,19803,2178,14672,4602,5274,6407,15813,55604,46196,17754,2122,49562,8108,696,36300,17922,31052,1504,24324,27131,802,15815,924,22013,1945,3879,474,10443,4383,6901,1095,288,132,335,1954,401,1269,7859,17794,1339,73559,32851,35358,1136,26408,35216,9990,21110,5819,8742,38177,11014,2736,461,15613,5093,14763,2278,3872,908,968,16758,5317,13199,1190,38861,1784,3912,1101,295,17300,531,341,1183,24343,56633,13255,11775,17222,52885,4595,24122,20432,2238,10793,11903,3414,28453,495,34917,2380,1029,3472,3835,8496,10364,12572,4934,38941,822,2948,34312,910,24669,6459,3670,17550,40838,31750,192,7461,35756,1082,990,2995,12832,143,11860,5708,12046,12998,4523,5727,3104,616,833,4285,1223,1563,7888,455,1260,1292,719,833,4134,1030,1001,4692,998,817,5389,2530,2037,2127,3305,1351,880,5514,1517,1349,211,1048,1543,4459,2606,890,2994,831,138,768,4469,335,440,815,4544,587,2600,1161,1381,1056,383,1921,7554,274,1034,4197,1686,7011,1707,1878,2324,1817,791,424,436,3334,7250,1693,1488,1416,483,3012,1041,1155,1015,266,908,1041,2749,1721,829,4262,1777,947,3185,2059,3771,192,1721,9773,1286,822,693,628,2987,597,2257,41,6508,57,84,1462,1,549,5146,110,238,2,20,66,11,4490,739,378,3352,2977,13,2242,156,9,3058,2336,439,104,693,9,4322,61,358,15999,512,97,551,234,30,451,72,151,8619,6,32,599,7699,98,759,20,473,68,1694,6309,1734,718,29,31,8,208,5250,476,5,1061,11,59,3648,15,22,1503,49,632,5894,2128
GO:0030170,pyridoxal phosphate binding,molecular_function,18337,22976,5978,9787,51593,57754,6307,36794,27480,63740,63164,11770,19913,316,14771,5005,35740,30622,51593,11103,70065,13374,5010,18325,49829,68422,12113,38063,10206,49289,10406,10851,13272,48302,152056,5825,9897,13784,11246,44788,16757,4396,4151,7616,97573,8172,27316,10073,40720,57952,56411,2072,38284,8786,25976,44255,2158,16934,8929,6261,31140,11295,83358,31132,28119,8334,35672,9233,3841,84360,24282,21820,5924,32593,35254,5621,81621,4924,58538,13641,9516,3837,21658,18072,41404,4698,1983,1681,2609,42291,6843,1359,19409,51583,7572,89010,65222,29201,4880,41731,40039,55189,23108,42633,101499,52558,99353,6191,1204,33034,4512,16882,4499,12824,1791,2938,43149,11018,14797,15233,47334,4007,29515,6017,1078,58936,863,2877,4846,41762,45508,64516,30987,20833,37277,12551,24026,37875,3093,13592,15465,6263,31923,804,92482,7428,7779,25287,17604,14155,12603,58736,10243,41928,2444,64993,32337,2177,94053,55214,4721,43336,66133,9314,3763,29643,50244,5547,1909,81752,78972,2140,15198,9849,43029,17524,20054,10401,9679,1856,1564,5874,1752,1355,7964,1430,2712,2386,556,1413,12318,2050,1924,6302,3429,3714,4983,2263,1321,6247,3955,1440,1119,5317,3114,3475,3754,1603,1975,2895,2155,1262,3598,1746,499,3431,4574,402,1128,1945,4450,1028,2535,3208,2061,2594,574,1753,6086,671,3202,3392,3615,5752,2672,1928,3298,2130,1668,3400,642,3778,5687,2672,1925,6861,482,2228,1319,1130,1283,2673,897,2874,2562,2746,1111,2756,4246,744,2808,3681,3646,279,2044,8303,2085,1645,1482,4953,4428,1035,2030,30,17781,74,154,1515,1,1598,13886,119,1070,14,95,176,40,5905,1023,548,8747,4835,17,7020,183,6,7827,7066,645,112,3281,8,4493,230,467,13092,10332,100,2856,1122,35,1377,211,413,5906,3,60,1609,12529,249,6056,23,6405,117,1524,13171,6949,668,52,15,6,452,18417,6959,6,4918,33,102,9180,30,6,4391,60,1315,5817,962
GO:0019842,vitamin binding,molecular_function,8297,8543,2791,7312,22187,24729,3259,15891,10318,28162,27400,6303,8790,166,7760,2814,15431,14309,22914,6269,29466,7762,3111,7560,44869,25487,6889,17412,5364,20359,11628,5408,5677,21276,60123,6607,7710,6623,7082,19043,7819,4559,2578,4001,40850,8588,11588,10919,14358,23836,26456,1018,16923,3562,15351,19602,875,14488,4823,3459,13247,10384,38543,13131,12205,2940,14088,4669,1385,33056,9982,12958,6296,17007,17663,1917,35434,2021,22953,8360,5073,5947,10216,7692,31603,2102,2269,1425,2738,18690,5009,826,9167,20521,7919,37854,26293,11726,2116,16921,16034,26360,9957,18125,43245,19136,42678,3140,688,16292,2923,7720,2386,5132,983,1283,21787,4489,8420,16536,18396,1543,12113,2679,492,27585,387,2994,7471,18441,18689,25251,27494,6889,16314,8005,10208,16988,1585,6628,9660,8097,15722,362,37091,5109,5293,15337,19565,6897,7186,26586,4856,24236,1240,28775,17216,1058,38605,21965,3137,18431,27076,3810,3125,12429,22740,4888,1021,35476,33725,1688,10195,5124,22107,8924,13264,5191,4590,1413,1290,4419,1596,1023,4139,1352,1409,1987,334,1287,3639,1290,1538,2752,3141,1521,3236,1359,960,4921,2741,826,772,3216,1747,1913,3226,1470,1194,1713,951,947,2222,1527,575,3643,3150,312,859,1263,2723,765,1942,1377,1410,1444,402,1080,4988,595,953,2398,2242,4866,1279,1230,1883,1310,1536,4334,329,2602,3560,2548,1139,5484,370,1815,698,682,751,1982,554,2032,1913,1437,855,1300,3192,289,1379,2390,1991,151,996,5635,1619,1377,1153,6591,2168,621,1096,5,5914,39,90,410,1,589,5319,66,366,8,49,54,15,2326,623,262,3208,1800,12,7181,107,0,2853,5121,380,41,1177,5,2052,149,155,6459,13775,52,1933,254,12,482,79,156,2414,7,47,612,9521,70,2268,9,2381,28,382,4619,8496,281,10,1,4,232,15510,9556,9,4380,10,63,5591,14,1,2286,23,457,1855,375
GO:0030246,carbohydrate binding,molecular_function,3333,3339,1005,5874,5610,6057,1863,4427,4004,6694,8384,3038,2272,69,3688,1653,4055,4096,7978,2379,8455,3742,1099,2943,22781,4580,2880,4293,2397,5760,6945,2371,1547,5961,20013,3801,4092,3120,3991,4843,3329,2659,945,2085,11196,4757,2790,6363,4728,4257,6643,506,3595,1357,9139,5166,555,9162,2587,1726,5013,6293,8191,3572,3608,1117,1322,1772,688,6795,2442,8804,3247,5942,6875,824,9686,871,5521,4419,2053,3797,3721,2009,14980,801,1237,803,1437,4749,2700,404,2905,4930,4320,6056,6191,2115,1186,4890,4836,5887,3503,4136,10786,3041,9890,1425,238,3873,796,5512,1229,2701,441,489,6725,1963,4772,9919,2654,582,3513,953,189,7809,153,1870,4993,8175,4530,9606,13779,2500,4020,3712,2237,4815,563,2745,4378,5019,5496,121,7151,2998,2638,6744,11840,2899,3129,4607,2098,10994,461,7886,8283,520,5197,6019,1215,5526,6278,1119,1606,3817,5916,2897,419,9097,6676,1004,3261,2549,8548,3086,5851,2047,1628,896,881,2497,1034,691,1988,1042,857,1372,187,763,2029,813,1137,863,2311,775,1449,791,873,3490,1209,286,611,1294,1002,1110,2294,884,639,791,444,579,835,1090,434,2551,1859,163,575,860,1311,438,966,642,832,1107,291,813,1934,366,569,1428,793,1600,708,686,1120,651,1073,3563,246,1015,1796,1845,802,4086,271,901,442,365,459,1429,275,1270,899,584,577,424,2212,179,608,1473,1007,71,588,1751,998,816,836,5674,657,462,655,3,2430,12,95,175,1,227,1807,14,136,4,18,21,7,946,308,81,1386,913,2,4395,41,0,1356,2750,87,12,509,2,1310,63,77,1924,10279,41,1045,171,0,234,22,64,826,1,10,221,5041,39,1223,6,952,23,199,2009,5883,151,9,2,0,181,8578,7541,3,2539,5,27,1381,14,3,886,16,151,722,85
GO:0046906,tetrapyrrole binding,molecular_function,22025,9725,5949,8488,48876,44010,7301,21145,21625,45918,38945,16944,15892,316,19436,5689,30451,27583,38490,10729,38837,13563,5505,15403,56820,53766,14693,27264,12079,37557,17641,10759,9239,37191,71746,10136,13619,15836,14817,26010,15292,7516,5496,9931,57328,11962,20280,18449,25715,50438,43197,2531,22254,10657,36763,32743,2126,28899,10548,8645,20191,21626,57915,31472,25577,9541,34880,10063,5089,68778,18652,31810,10278,33231,34067,9978,52339,7502,44580,23720,10832,8426,17352,15604,46308,6890,3255,2744,3680,34187,9064,1838,20325,33667,14146,68498,57254,26944,6488,28815,35126,36467,18470,25167,55360,51251,60420,5094,1095,24486,5799,14204,6076,19623,1641,2639,29298,13259,21028,27628,39856,4335,15292,7443,801,47128,1056,4792,11127,37447,48005,34018,40263,18531,40857,16210,23094,27214,3264,11911,19327,12876,28103,600,62614,10273,9272,23878,29846,20827,15402,38315,12231,51037,2711,36304,36923,2398,80862,32214,5994,25962,59686,13605,5453,21992,41126,9505,2037,40656,54491,2935,19071,11501,35279,16443,20907,12399,10111,2302,2125,8085,2586,2370,8375,2023,2855,3241,1011,2091,7504,3881,2401,5901,4624,8506,7256,3386,2496,7789,4877,1708,1571,7130,4187,3406,4646,2453,2316,4286,2328,1594,4249,2411,940,4989,5923,583,1350,2027,5008,1355,3677,5251,2400,4389,692,2466,7801,954,2130,4735,2329,7559,2956,2788,4351,2754,2337,5664,614,5442,6959,3881,2071,8594,728,3893,1468,1506,1526,3350,1214,3218,3631,2617,1296,3616,4969,744,2828,5537,3861,284,2097,12416,2548,2396,1690,8681,4622,1081,2179,6,6816,54,90,1112,2,954,9359,59,590,10,69,109,36,4489,976,395,3751,3197,18,10102,133,5,4001,7339,650,66,1594,6,2711,179,273,13110,17970,101,2531,362,19,670,84,152,4812,7,58,606,13603,114,2704,24,3581,81,1020,4972,11871,499,36,13,10,415,21462,13120,11,6330,11,85,9574,15,2,3277,50,573,2155,849
GO:0043167,ion binding,molecular_function,346828,281456,97213,211499,812315,891514,106424,495886,597843,981906,916234,262371,282870,5091,267892,124787,559832,465140,735558,159334,997967,260485,77676,256250,997513,995299,200173,546319,171350,769220,272056,165641,187441,726227,1876343,161338,217441,253017,177555,605301,254428,112880,70094,133908,1378692,177346,425651,261455,550389,911711,813652,41172,502073,161020,473116,661946,32891,371710,179523,109719,425358,309274,1361698,498818,440132,166573,657842,134914,76418,1288661,348182,374308,133961,488035,561891,123226,1171385,110749,856353,318891,171445,110949,317981,287028,762660,91844,47296,42511,66523,646700,156090,22963,312475,749652,198434,1307231,1002628,570706,130067,742894,633549,777802,322683,620856,1409076,801806,1512994,96261,16321,466273,72899,371913,92250,265468,32115,51431,558787,199939,278977,381211,821691,74156,392343,113271,14533,852206,14850,75335,142320,648458,778705,865021,587368,296448,624192,241756,377857,537800,48560,194822,269999,162466,475437,11091,1363708,151360,145917,462016,400276,263765,217256,879537,171906,690186,42167,931701,554350,41179,1415524,855239,74879,596314,1038468,357190,89516,427891,785444,142583,34255,1061103,1155937,55671,247087,163354,841933,267726,371429,184646,157420,37578,28376,105005,33383,22509,102607,32540,48199,46273,9855,27294,141382,42869,37486,79664,70166,82630,71835,36840,22876,121950,58903,18826,21352,73758,59161,54799,74886,29828,31115,46956,28621,23821,48168,35115,12081,75527,74744,7430,20732,34295,63821,18396,46047,66328,33359,52196,11745,27226,92305,13608,38246,51602,47596,81389,46857,33484,59260,33900,34654,81082,11385,53086,92991,55331,35284,138320,9525,34664,22980,20344,20256,52476,14166,56432,40366,41168,21498,44206,78762,9511,38659,67247,52142,4659,31023,118208,37825,30841,30572,122600,58786,19666,31400,246,187703,1065,4430,23523,55,21246,182224,1532,11251,196,1369,2073,629,67813,17666,8600,107536,61396,321,152832,3072,58,111957,131263,7346,1472,41765,128,94622,3424,7102,170226,243509,1970,46909,9947,436,15452,2517,4512,73304,66,1246,18926,297597,2867,77698,471,73092,1380,20463,156956,151730,9825,514,149,149,7747,370554,174742,132,90534,444,1526,116262,6654,105,73175,992,15322,61913,11515
GO:0005515,protein binding,molecular_function,79548,17534,13953,20338,49797,51665,22257,36343,224530,61839,51020,83250,33044,639,56212,41669,67308,51207,61087,15824,52199,53750,9113,27414,92258,57785,33089,41012,29355,74449,48976,18720,22533,50424,105843,30609,40691,54961,23703,30926,29594,17284,13713,24372,74048,16719,30744,49215,50272,78084,50113,9851,38013,38940,43895,42276,5089,35504,27995,21790,40243,52729,71785,30906,50198,54282,36505,15959,27681,80480,22214,38503,20388,50632,49750,49057,65162,38280,54767,94611,31075,13652,24211,45384,77577,30797,5909,10491,13020,128359,37175,3032,33272,48505,38400,70359,65249,31383,43768,37411,43242,50314,25204,32167,74203,49393,77078,9576,1392,29243,12447,43477,22824,81462,6140,13885,37595,48600,36456,72136,41786,21868,31048,35296,1138,58578,3413,14711,11565,47727,54752,52316,45875,38257,41563,52393,24848,42006,5834,17124,43328,13740,39585,878,69311,38533,22685,70407,49303,64656,32801,57084,35561,52807,8931,48536,51146,10404,99341,43756,8535,32957,69270,35983,21132,52976,50761,32533,5925,60937,66228,15694,27263,31252,216369,28237,50103,35779,31772,5496,3869,13442,4019,4611,10224,4310,9527,6113,3988,3474,14060,11361,4023,8431,7375,33370,7922,7305,3464,16882,6358,2245,3196,7261,14542,10260,13561,3407,5653,6089,3148,3315,5190,4817,2161,6175,11056,902,3065,4807,6648,2744,7796,24331,4473,19910,1624,3549,11502,2203,4803,7736,3694,10577,7648,6128,12406,6695,3396,7411,1904,7937,11629,6187,5135,20014,1960,4649,3473,5235,3152,11535,2734,7457,4935,6955,2672,5512,6617,2113,4450,12576,5845,1261,4373,11409,4969,3991,3556,10774,8576,4193,4212,14,10597,73,269,1693,1,1275,10875,61,659,22,102,115,42,4215,1271,1396,5980,5156,20,15677,219,10,6001,11561,464,81,3896,10,5049,324,373,11698,19747,173,3978,632,36,1007,112,274,4411,7,89,1228,22210,201,6478,41,5208,88,1598,8081,13669,732,44,3,6,603,31879,15546,18,9235,32,76,7341,49,4,5511,41,825,2932,733
GO:0016597,amino acid binding,molecular_function,6399,9626,1916,4738,22107,21886,2179,12351,11136,26188,23937,4182,6804,104,5471,2207,13235,11768,23273,3724,23908,7230,1617,6108,36007,27985,4065,13571,3216,16516,8061,3655,5358,17239,65609,3789,5262,5558,3548,17125,5621,3228,1318,2768,36528,5833,10414,7321,13938,22121,19147,668,13274,2934,11001,19191,744,9538,3044,2041,12838,6686,36160,13733,9800,2474,25428,2967,962,33973,9125,7815,3403,11377,12253,1553,28792,1388,21752,5737,3370,3397,7875,6660,21118,1347,1513,880,1861,13126,3685,440,7760,20002,5266,34661,29021,18904,1675,22654,17476,20290,7665,21147,36840,27213,39677,2459,374,11763,1308,5784,1517,3897,933,1192,13385,3627,6278,9906,23289,1240,13119,1847,402,20351,269,2079,4745,15380,23782,27364,18066,7027,19162,5011,10568,12754,1116,4258,5959,4993,11641,319,42029,3223,4232,12588,11566,4546,4672,21557,3466,17575,815,22512,13644,861,37607,23910,1676,14124,31706,3406,2178,10034,21377,3155,752,27493,28870,1179,5030,3029,22045,6594,10422,3740,2881,1015,771,2820,897,465,2417,941,1083,1189,143,803,3014,789,1094,1816,2045,1008,1454,685,453,3524,1510,381,524,1557,1107,1265,2031,780,607,995,594,627,1076,894,360,2391,1808,176,651,1002,1538,422,1043,915,801,773,298,558,2027,398,765,1066,977,1972,1130,820,1251,787,978,2585,246,1125,2360,1514,628,4024,225,860,412,393,383,1258,277,1682,1053,877,525,825,2186,219,926,1537,1313,118,610,2409,1065,938,645,4101,1269,387,657,4,7881,33,72,469,1,1097,10412,119,675,6,54,63,7,1651,464,237,4073,1575,7,5735,80,2,5071,4040,166,48,1360,2,2982,121,322,4157,8610,44,2115,321,10,784,121,258,2464,1,43,1054,8336,95,2473,19,4862,29,461,7325,5794,253,12,4,3,219,13103,6338,2,3299,24,59,2768,47,1,2639,14,584,2052,236
GO:0046872,metal ion binding,molecular_function,86300,61600,23803,39107,197131,177857,29066,97064,141320,197648,175044,67114,60530,1078,65709,29497,125611,105197,160820,36254,183989,56687,17310,59100,204902,234631,48733,118850,42745,154394,60314,38202,39932,162934,393862,34778,46952,62095,44434,128096,59446,24189,18536,33701,259962,35707,86787,59896,112744,198316,163443,10980,94583,41081,110764,134916,8791,83124,37116,28288,89906,67282,271016,122388,99008,41822,151022,34014,23260,280021,78013,90961,29721,114731,115263,42243,231416,31056,186571,89818,41665,24510,67640,62700,157577,25693,10084,9859,14893,144396,35834,6060,75359,151239,47181,259497,216428,117743,33020,133809,140681,155588,67564,124663,269968,179519,288853,21806,3830,98411,19063,85049,23081,88918,7284,12218,123352,52045,66609,87811,164033,18567,82012,34601,3145,179986,4167,17195,29895,141759,176322,176775,126555,69305,144215,59586,88787,112118,10974,43082,63270,34804,104971,2463,278815,38739,34056,96498,87929,78726,53123,173469,42907,151591,10263,171068,125007,10089,320866,152920,18070,113490,226962,42769,20703,98396,169259,33372,7859,216889,246732,13002,58028,40907,187261,58391,78445,48102,37628,8285,6792,26029,8090,6712,24592,7771,11597,10780,3594,6492,35590,12136,8443,20382,15521,25169,19022,10551,6923,27444,14052,4831,5502,18633,14367,13810,16635,7516,7995,12782,6997,6145,12174,8375,3174,15945,19184,1811,4927,8121,14878,4614,12209,17296,8245,16093,3117,7590,21057,3375,10187,15329,10633,18785,11150,9202,14577,9409,7924,17968,2979,14582,23127,12631,8334,30787,2779,10241,5655,5537,5142,12172,4119,12362,10278,10341,5121,11611,16852,2727,9149,17009,12337,1351,7992,31263,9094,7748,7619,27280,15475,4929,7629,53,38668,250,896,4629,17,4207,38235,339,2108,50,243,471,117,16528,3652,1810,22606,13506,49,32449,664,14,20929,25829,1671,294,8501,25,15333,721,1182,38601,52251,402,9558,2273,97,2958,438,993,15527,19,259,4065,50060,679,16595,99,13907,310,4460,30725,33950,2080,123,33,32,1516,73674,38270,41,19382,86,282,27503,129,25,12748,207,2946,12519,2556
GO:0008658,penicillin binding,molecular_function,1937,3388,856,1779,9937,16154,729,6537,853,17248,20321,891,2540,15,1478,357,7070,4152,6681,1300,18190,1461,483,2350,9398,12744,1395,6531,1167,8898,2240,1630,1558,7955,26957,1010,1393,1322,1076,6914,3034,877,391,829,27890,1683,4634,1787,6325,11560,9140,192,4741,1044,3959,7993,265,3181,1167,586,5062,2441,23522,6599,5258,508,7136,1081,176,14986,4599,2829,1007,5038,7282,117,13294,250,11263,1340,1232,925,3961,1934,8018,327,476,232,377,4990,887,147,3371,14066,1446,14562,11657,6486,790,8642,9711,8970,4390,13195,30273,9586,28937,1041,118,6551,446,2993,407,1008,181,194,7123,995,2204,2747,11337,250,4277,331,168,8608,68,481,1403,7437,8485,10574,5950,2402,6743,1410,4633,5752,370,2380,1826,1663,4613,99,24261,1254,1125,3308,3772,1335,1563,9406,1173,7052,250,16807,4875,170,17067,16641,653,13351,11103,2342,539,5027,12062,788,229,10573,13324,219,1924,1087,3705,2379,3079,1421,745,399,341,1380,407,216,1056,376,503,536,70,290,1917,356,449,912,854,244,760,426,235,1435,717,205,258,779,492,656,815,341,306,549,333,289,557,429,125,1006,753,79,217,415,687,223,467,276,384,377,157,278,1074,150,565,533,762,900,549,379,581,404,424,1098,138,506,1075,725,385,1612,111,315,278,183,233,510,150,633,478,518,263,520,1014,92,436,709,574,57,369,1258,522,399,368,1736,667,251,343,1,1832,14,57,201,0,255,2125,17,115,3,17,32,9,634,179,93,1116,622,2,1478,26,0,1257,1192,60,21,395,1,1120,31,104,1410,3176,24,500,104,8,174,24,54,776,0,3,239,2563,42,769,0,778,16,192,1708,1789,91,6,1,0,64,3995,2260,0,843,4,17,1022,7,0,547,10,153,605,82
GO:0050662,coenzyme binding,molecular_function,59206,56321,18292,39326,162880,162371,19756,97467,79249,181592,169969,39899,57415,979,51793,17248,100349,94883,146764,36759,192398,43910,18632,58871,185419,175870,41829,108076,36768,137411,46888,35955,37422,137973,388757,28741,38330,46218,45296,120626,51165,19735,15116,26868,255949,34731,77375,44150,112692,163492,164274,6985,98629,25534,106200,123371,6788,78010,30220,23008,84536,52973,250241,100360,84305,25647,117700,30870,10832,232434,69930,85726,26233,105636,114620,16456,228209,15824,156881,48471,30628,21672,63601,52735,150540,14540,8978,7074,11414,114860,24839,5383,60327,144290,33754,231160,183370,97713,16858,115543,117936,154598,67250,113062,258583,141491,272976,19372,3882,91647,16812,56526,16327,37963,5655,8349,121822,34084,59096,68662,136863,12392,80137,17860,3248,181658,2605,12966,27545,137241,142443,172546,123184,59530,118541,44007,69531,105576,9980,40817,53308,32520,98244,2403,243742,27867,27091,80509,80285,47472,45818,160199,32960,155538,8628,178374,116507,6838,260466,145840,17571,112181,184635,49261,14376,79746,146343,23840,6755,203439,210428,8439,58856,34454,129078,54642,66775,33384,31973,6543,5718,21967,6465,5382,23722,6234,8521,9078,2057,5516,35949,7190,7131,18718,13151,10979,18844,8537,5633,22313,13228,4376,4362,19170,10059,10319,13868,6325,6566,11200,6472,4584,11505,6877,2236,14663,15878,1583,3903,6517,14379,3626,9911,9687,7174,9212,2159,6253,19413,2686,9512,12343,10029,17986,8471,6951,10959,7209,6636,16238,2101,13368,18435,10810,6563,24603,1980,8987,4489,3965,4160,9209,3247,9568,8763,8271,4262,10227,15423,2086,8160,12810,10978,935,6418,30889,7572,6318,5340,24450,13332,3497,6380,53,41048,228,652,4457,10,3989,35227,324,2322,45,222,400,102,15656,3183,1465,21062,12350,70,29711,590,6,19946,24495,1965,328,8924,27,14159,667,1192,39443,49868,337,9467,2196,91,3091,524,916,14594,10,251,3786,44295,605,15907,87,14202,313,4439,31287,30849,1906,86,29,23,1423,66220,35553,28,17726,84,305,29388,127,12,12516,168,3083,13158,2405
GO:0051536,iron-sulfur cluster binding,molecular_function,14261,10816,4490,8794,48101,48458,4747,24954,15331,49751,46247,8572,15259,218,12208,3577,28614,27190,33056,8839,46958,8848,4457,15296,38205,56751,10019,29301,8907,40280,9924,8840,9513,39357,81727,5956,9176,10715,10006,31148,12767,4606,3652,6373,70092,7374,22314,9657,30397,52827,47121,1421,26629,5866,26971,34973,1746,18870,6591,5152,18128,12504,74193,29658,24094,5456,35719,7764,2477,79246,19534,22217,5850,28603,30601,3595,66257,3077,51136,10475,7318,4532,17435,11026,35850,3002,1915,1471,2258,27474,5429,1206,18395,40558,7328,73159,64150,28596,3337,35085,34350,42581,17483,32034,73520,44101,79413,4559,913,25887,4184,11244,3669,7961,1152,1729,26639,8470,14669,14012,44930,2670,17084,3841,774,50946,590,2635,5948,33354,43823,35127,27780,15715,36127,9923,23090,28673,2542,10239,12998,7457,26322,645,74981,5535,5023,19391,17264,11101,11541,46786,7682,41679,1928,43691,30033,1432,88037,41849,4165,30789,67855,19099,3134,20726,41120,5057,1578,52339,63975,1717,15282,8052,26823,14622,15356,7979,7040,1586,1266,5526,1533,1235,5940,1356,2217,2067,518,1248,10934,1556,1626,4076,3133,2070,4556,1969,1391,5517,3185,1073,1006,4789,2332,2350,2879,1534,1543,2589,1780,1020,2806,1659,484,3336,3638,383,799,1460,3540,853,2249,1984,1603,1967,387,1467,4225,546,2947,3034,1978,3988,2273,1966,2687,1813,1535,3487,417,3383,4617,2339,1366,5870,474,2261,1086,809,963,1890,824,2372,2135,1977,933,2741,3812,544,2132,2919,2844,193,1543,7791,1678,1475,1474,5316,3118,732,1485,14,5671,42,72,1211,0,820,8606,53,375,7,56,82,21,3648,771,370,3499,2608,9,6124,123,3,4253,5267,495,53,1373,6,4243,119,307,10325,10547,74,1697,244,23,496,77,157,3752,4,41,593,10770,106,2390,27,2311,68,1193,4759,6702,546,15,4,4,290,14951,7632,9,3741,17,61,6999,22,2,2314,63,531,2087,648
GO:0003676,nucleic acid binding,molecular_function,237784,192004,68440,159658,676038,731343,74935,371248,361081,776200,729342,162016,196399,3637,183283,74249,398281,330304,518467,119143,818670,164535,49033,185733,670812,767762,142471,412048,119743,626618,174264,121132,126639,549333,1490334,97784,138043,175716,130145,437366,197621,71675,50821,96726,1042029,113340,339947,161496,400422,673435,634987,30554,344845,108986,344026,501214,24346,253725,145987,77707,314329,221405,1082523,423736,322808,107208,517574,101481,47782,946371,272334,290774,83806,368867,435569,75128,876859,68037,639947,197685,116939,69108,232694,189597,508376,60605,30006,25755,41680,423888,96006,16179,222630,592358,124982,986088,769167,443259,88820,558866,511478,535890,251928,514999,1074851,606713,1134902,70365,10768,374876,56065,255660,60664,172372,21592,32511,406951,133119,198633,231972,614853,47464,264831,70874,10161,625444,10363,47255,89123,455896,597650,586882,391463,217695,495669,156854,294001,411593,34084,147749,191609,104972,370893,7774,1085878,104686,92383,303654,252821,183683,157887,672150,116874,519586,26016,767093,411706,27224,1013405,635061,55709,475499,782789,255956,55539,310193,630660,87206,22950,759908,865644,33327,171687,108990,544652,195033,245243,131338,100409,26069,20440,81960,25481,19504,82669,23015,33535,32098,12002,20387,103773,29316,26869,64103,46153,52383,61907,28743,20538,82210,44498,15825,18122,61421,39106,44039,45435,22674,23583,40534,25480,18960,39374,24641,9559,47605,56385,5591,16429,26424,49662,13955,37903,42553,23913,41677,10443,23569,75230,11229,30288,40555,36863,66065,34247,24900,41293,26278,24544,51388,9796,43422,77753,38294,26801,91617,10376,31418,18412,18685,16404,33010,12964,39689,33297,36003,16419,41202,53127,10664,31959,46203,41344,4772,25076,97881,29830,23528,22476,76761,48871,15838,26876,235,122125,834,2830,19647,33,14454,122368,1090,7083,139,916,1522,478,53777,13955,5604,70880,43591,231,95696,2214,50,75275,93769,5621,1044,26799,100,70634,2248,5057,134708,143662,1556,32474,6592,383,10752,1603,2937,62901,43,820,13103,222066,2172,48189,371,44103,982,15367,116594,93202,7630,412,114,138,5355,240056,103768,96,55648,298,1095,85749,8313,130,53314,822,10420,44691,10630
GO:0000166,nucleotide binding,molecular_function,370697,302754,104494,226655,898324,960589,114157,526158,634352,1055905,976767,280043,301047,5404,289181,133552,600006,504603,791754,170869,1064702,278414,82907,279153,1072619,1079053,216096,584127,185155,824026,292596,178810,200228,782240,2030833,173837,233970,272230,192378,648745,273403,121743,75815,144537,1462930,192000,455348,281912,588097,989335,873308,43862,527855,171308,514822,707189,35547,403670,190133,118781,457517,331962,1464054,554149,475028,177806,729625,146553,81116,1394051,379003,408701,145687,530213,602579,130088,1254903,117557,926744,340071,183841,121021,343109,305072,819734,97921,51385,45740,71361,682630,167734,24830,338892,804956,213862,1395440,1091121,623344,136317,787699,689464,829564,345607,664069,1498335,877575,1615756,103209,17482,498948,78731,390982,98589,279865,34317,54844,599458,214240,302088,413316,893034,79684,420972,119832,15628,917185,15849,81160,154500,697974,854892,926186,635149,321374,687359,259761,410101,575971,52225,208768,292879,176242,512216,11944,1468611,162347,157158,493419,437532,282761,235208,931215,184238,751595,45180,992117,600112,44002,1534560,908979,81444,632921,1129541,373036,95895,457165,850247,153186,36678,1122837,1234956,59548,266396,176161,895415,286954,399096,198155,168885,40350,30591,113422,35666,24495,111646,35185,51866,49889,10450,29443,154790,45833,40584,86697,75599,87369,78080,39623,25060,131208,63283,20334,23144,80181,63222,58809,80863,32234,33486,50850,31023,25572,52154,37883,13022,81554,80521,8003,22335,36672,69239,19623,49569,70350,35778,55459,12481,29477,100275,14645,41681,55613,50566,89142,50486,35975,63791,36646,37405,88308,12204,57731,100414,59842,37582,148318,10267,37582,24429,21797,21781,56447,15173,60399,43338,44370,22914,47909,85132,10241,41934,72548,56614,4969,33279,128796,40570,33268,32407,133584,63574,20940,33627,283,200745,1143,4626,25251,62,22693,196185,1614,11972,213,1454,2284,665,72760,18887,9110,115758,66265,344,165388,3255,59,119045,140973,8015,1578,45136,130,100607,3630,7584,185224,266613,2106,50456,10850,469,16457,2690,4787,79170,64,1343,20145,316051,3179,84047,507,78042,1500,22224,167684,165629,10560,557,165,162,8343,398822,190727,140,97972,481,1608,125461,6706,109,77829,1042,16197,65684,12553
GO:0008134,transcription factor binding,molecular_function,2459,649,920,2785,336,2840,1031,1337,1841,1394,2319,1138,1838,55,2990,305,809,2567,4508,2374,2552,449,1039,4487,347,356,2453,1057,2838,1223,236,2647,1081,2007,383,453,1303,2139,3680,170,2722,382,771,2154,1710,379,1793,482,8888,897,3314,374,913,790,10000,2302,716,5463,1780,1902,759,1338,773,251,2814,1402,185,1716,422,441,1863,10170,645,3760,7830,659,957,593,410,1092,1277,154,2210,641,2062,607,111,125,115,1488,331,351,1313,4071,400,239,1401,225,785,1182,2598,1297,3675,592,1109,496,822,714,183,1823,1005,2008,1006,1786,146,359,6341,1838,5137,752,398,773,307,650,119,5490,109,129,326,10831,1524,2868,3671,4813,1940,1377,1255,2760,436,1764,2977,1177,4285,130,535,693,314,1152,1332,2369,3097,477,3141,8834,549,557,8736,257,321,644,858,1141,308,2081,197,1190,908,433,392,942,700,132,4500,3301,1487,2582,735,1221,1807,59,85,453,109,341,715,97,135,189,91,78,2505,139,108,325,94,281,826,331,458,223,340,111,118,798,288,183,70,118,301,547,343,79,233,127,26,112,469,29,44,130,364,79,321,251,235,454,87,368,469,43,615,812,186,302,96,199,242,393,86,10,63,506,544,152,279,197,92,291,160,132,153,79,152,101,328,153,98,505,272,125,150,328,249,32,267,1213,129,127,126,10,344,109,265,1,162,1,17,433,3,6,16,1,7,3,2,0,5,105,35,7,27,170,0,69,12,0,201,52,35,2,42,0,199,5,1,1142,21,9,10,5,3,20,2,0,138,1,4,10,214,0,69,1,24,8,558,29,59,98,2,9,1,33,122,32,1,40,1,0,483,1,0,17,8,15,8,49
GO:0003700,"transcription factor activity, sequence-specific DNA binding",molecular_function,18691,19017,6868,18803,67266,69285,7685,33121,14444,78005,67382,9442,16324,439,18247,4034,36654,32829,57635,15150,73802,12423,8348,24781,61669,70070,16095,36554,13993,60664,18334,14621,11421,55665,126511,9279,13335,16110,18837,38303,20817,6949,5119,10575,101190,12297,29628,14257,41815,64496,72039,2237,28106,7900,45194,52733,2876,32707,20714,8694,31024,20061,99731,42242,32282,6140,56260,12791,2989,94858,28435,38522,8994,39827,50994,3889,91505,3303,64830,12351,10238,7816,23769,14548,50860,4513,3127,2010,3565,28571,7136,1994,23802,60673,10657,92263,81066,44559,9740,50449,51135,48126,25534,42079,102093,66504,115751,7415,1580,33200,6512,20619,5443,11442,1672,2152,47515,10268,23493,22076,64089,3514,21430,4969,1194,79187,921,4095,10508,59667,61559,64129,49725,22930,52406,13246,30356,43200,3367,14662,19524,12893,39064,868,93595,13001,8225,27307,29793,16379,17058,50411,11409,58860,3055,65291,52787,1887,100289,61678,6894,42499,79024,16616,4271,26589,59194,7121,2621,73110,76799,2186,25816,14107,32825,19008,22697,11595,11957,2410,1939,8727,2422,2296,8262,2430,3065,3303,977,1931,17596,2013,2749,6944,4686,2598,7410,3069,2390,7853,4489,1760,1872,7752,2900,3831,4386,2462,2525,3947,2473,1778,4503,2532,866,5289,6397,548,1567,2703,4862,1366,3953,2222,2520,4318,952,2518,6791,1064,4801,5801,3460,6008,3213,2947,3404,3117,2690,5703,810,5117,6967,3840,2507,8678,900,3582,1846,1594,1639,2975,1276,3973,3495,3177,1492,3262,5744,853,2809,4173,3804,372,2386,11431,2997,2545,2129,8660,5232,1429,2522,23,10161,57,180,2114,2,1136,11582,107,483,11,78,144,33,6357,1347,436,5875,3837,31,9715,251,4,6011,8905,771,81,2263,11,5953,186,372,13686,16706,148,2785,573,22,850,155,285,5308,2,83,1329,16655,180,4343,21,3550,90,1768,9369,10677,705,38,10,8,550,23080,11905,17,5814,27,89,11966,1217,16,4520,69,882,3064,845
GO:0005215,transporter activity,molecular_function,138476,120238,37083,48840,303529,319108,42884,208578,169660,371859,370126,91772,105427,1657,94344,38821,224142,167574,278663,56628,405141,91286,28014,96415,374682,345107,72826,214684,59792,295839,104691,58947,73716,271665,804559,54374,68371,100006,63483,246127,95551,39319,22459,52088,558847,66166,160510,98640,225251,324487,315936,14536,198992,69534,187486,248083,13747,143837,51691,39901,180173,115387,509537,187407,169342,59079,213933,50426,26880,476097,133719,139365,50335,187083,200378,57278,484172,47367,330264,153233,63735,42301,123500,105900,301924,34477,17507,15119,22158,257922,53586,7663,111736,293763,80738,462646,373119,187527,52372,246685,229872,303151,120943,245378,571941,270960,581187,35872,5942,174714,21497,100647,33237,136057,11943,17982,243419,81622,110728,144877,268782,23639,170012,44864,5651,344443,6348,28124,53284,246475,251234,346851,227476,113792,206023,87305,130285,210290,17607,71244,93378,62475,176176,4064,509357,69900,63130,154538,160642,124333,74606,334131,65711,238053,15332,378325,207514,14691,504981,326200,25595,244313,371977,74168,32478,176533,296673,52703,11477,462977,427088,17435,83648,55184,272070,96174,129505,76943,56118,14384,11967,42319,14366,11210,40740,14011,18234,18677,4441,10960,82387,20170,15147,32722,28813,38468,27405,15582,11437,47525,22353,7123,9156,27762,22300,23685,29110,12422,12717,18794,11555,9566,17208,14407,5646,31268,32276,2948,9053,15243,25099,7687,20571,24851,12998,22021,4863,12615,26900,6279,22909,25262,22334,25206,18940,13478,23593,14077,13805,35539,4553,20452,40102,22825,12336,54163,4207,13613,8680,8559,7996,21042,5677,21226,15684,18002,8235,16247,31745,4369,14418,29501,19772,2078,11556,42449,17076,12687,10938,53572,24014,7315,11815,114,78607,381,923,8524,9,8967,76040,719,5313,61,554,901,239,25713,5974,2985,45316,25715,90,58156,1190,25,44537,47849,2660,586,18206,55,30539,1409,2570,60709,104427,698,19618,5464,205,7963,1261,2143,31563,19,463,9116,86988,1368,33059,159,34232,591,7813,69155,61108,3742,179,60,71,2926,132571,75117,67,34507,157,546,38606,200,36,25851,356,5911,25657,4346
GO:0090484,drug transporter activity,molecular_function,57,31,43,289,21,775,35,42,10,230,100,24,70,5,65,1,129,47,421,30,31,3,53,208,37,28,62,33,76,37,5,78,48,73,176,22,19,62,83,3,134,6,10,46,642,12,80,8,131,38,66,11,26,14,357,448,14,140,66,43,71,34,359,27,108,18,173,72,14,630,49,177,13,103,231,11,39,18,192,10,46,2,38,23,49,23,0,0,2,19,6,11,42,221,14,51,223,486,120,1240,70,37,98,96,405,47,662,63,4,69,17,312,91,94,2,10,253,43,138,19,1057,8,8,19,3,164,4,1,11,734,500,682,211,104,325,30,41,108,24,72,44,39,163,1,311,18,7,55,53,53,100,13,76,367,14,9,656,6,43,1157,29,41,366,37,3,38,48,5,15,53,44,0,172,35,24,80,34,35,62,33,47,146,25,30,153,46,44,51,12,10,512,41,60,89,58,53,86,42,40,118,80,15,40,82,60,62,58,32,56,43,49,42,66,39,8,64,78,10,17,54,94,20,39,56,48,67,20,35,117,18,138,103,105,58,48,27,76,38,36,128,32,42,102,72,101,120,20,17,30,18,47,39,13,68,15,31,31,59,111,27,42,101,60,6,70,126,50,20,77,179,51,44,60,0,15,0,6,27,0,10,10,0,4,0,0,2,0,9,26,4,15,17,0,32,0,0,92,58,4,1,3,0,180,0,5,90,320,3,3,1,2,2,0,1,15,0,0,4,504,1,28,1,3,3,24,43,8,10,0,0,2,10,479,191,1,12,0,0,33,0,0,16,1,1,1,9
GO:0016740,transferase activity,molecular_function,176074,182056,54508,110021,518251,539872,58756,311771,267463,614654,566717,124359,162770,2390,142453,56766,328931,276727,443372,91371,628222,140609,40371,154817,589863,641046,109207,328160,92756,461989,149543,95193,108158,445591,1199649,85683,116674,135050,103232,374463,150611,63199,39071,72723,874314,104114,253975,139878,337691,550317,503998,20574,305485,80813,272414,399437,19335,210978,83686,57938,265811,156710,832221,323617,257668,78606,415738,75803,36301,807784,223147,215246,73639,289138,311479,56101,766947,49848,549283,156175,93183,62445,194981,160305,449515,44325,27518,21425,35144,352184,80674,12042,185543,474234,104875,801725,631939,345440,59500,427476,389924,461085,191913,397111,905271,507164,960871,57620,9456,294224,41235,192442,44069,131407,17415,25948,345780,103108,157145,205463,491545,36344,243653,55844,8894,533633,7907,39844,81857,384925,482318,553719,353120,175510,388409,127005,238968,334758,27507,112838,149553,93714,289151,6639,858754,82674,83319,261289,231427,134384,121892,516757,93034,409406,21527,585066,317573,20580,870940,520892,43741,362571,642359,139771,45829,249415,483887,72527,18393,690396,702139,26917,135679,87006,427448,156045,214624,100181,81137,21857,16882,63055,19660,13418,60811,19215,27069,26241,5442,16023,94322,21728,22585,48652,41953,36190,42325,20727,13261,71429,33916,11099,12148,43819,30724,32206,41961,17621,17831,27190,16799,13873,29146,20411,7148,45277,43947,4180,12524,20824,37095,10557,25574,30189,19485,26411,6707,16288,54100,8166,25375,30787,29347,48989,27503,19599,32775,19959,20508,49054,6637,30555,54541,32095,19655,80196,5671,20659,13012,11212,11553,28443,7994,33294,24492,25337,12313,25500,47747,5852,22829,37585,30995,2629,17869,68784,22711,18506,16858,73649,35154,11008,17789,173,129243,619,2275,12494,25,14122,123335,1148,7834,129,849,1431,343,40193,9632,4798,72867,38847,150,90306,1718,40,70848,74799,4545,988,27153,78,51631,2019,4561,101472,147912,1072,30134,7659,265,10561,1624,3253,47337,39,704,13452,144001,1917,51360,292,50664,880,12271,109895,91271,5433,290,94,86,4488,215824,104310,74,54513,287,1010,67814,341,59,39650,613,10168,42206,6370
GO:0016301,kinase activity,molecular_function,49380,41189,12773,26531,103238,117255,15660,70072,99221,129458,118991,42163,37243,513,36749,20181,79540,62455,98290,18498,134625,40712,8221,31209,139815,116129,26642,70016,22610,101634,38964,20240,26884,94222,276628,22776,29709,36911,20230,85895,32755,14905,9154,17787,183896,23627,54246,36636,74843,118348,102732,5841,70036,24072,52692,84983,4452,43183,21312,14194,62922,38431,171773,63490,57911,27038,76518,15660,12186,171599,44652,41192,17828,63831,64727,20856,169445,18605,117524,51114,24120,14539,41798,43743,105472,15394,6365,6349,9504,100227,22912,2620,40205,99981,28570,156462,128855,69296,20621,91574,80234,102718,40659,87644,190696,96361,200631,12831,1930,57218,9865,44110,12742,41949,4566,7789,72432,30039,33023,53893,101779,11512,60605,17562,1720,112133,2192,10740,18198,83812,96732,124629,75107,39001,75974,35238,43949,70493,6163,24519,35030,19644,62004,1294,180993,22982,21485,65700,52425,37792,27468,114006,24625,79557,5697,127027,66407,6009,178443,114690,9050,78464,130017,24388,13083,60987,99623,21156,4507,156466,143674,8478,27433,21390,131767,33545,52898,26442,21481,5294,3888,14238,4466,3101,11946,4522,6895,6142,1675,3575,15831,6568,4985,9924,9361,14979,8467,5040,2817,16295,6464,2236,2863,8441,8898,7863,10986,3991,4316,5707,3210,3070,5629,4774,1738,9789,10214,869,2900,4879,7276,2525,6159,11448,4411,9713,1669,3341,11586,1882,4368,6916,6249,10295,6731,4627,8715,4987,4432,11037,1553,6324,11565,7564,4557,19073,1383,3987,3150,3044,2633,8069,1894,7519,4824,6052,2761,5044,9829,1208,4619,9539,6417,716,3879,12060,5223,4134,3947,16410,7945,2794,3820,36,26964,136,499,2372,4,3091,26484,256,1716,29,185,290,70,7662,2007,1284,16906,8349,16,21027,356,13,16123,16794,833,214,6317,6,12794,487,876,17264,32842,229,7067,1544,64,2398,372,678,9277,7,177,3093,33603,424,11859,60,11561,157,2146,24469,20420,1113,68,15,18,934,49591,23488,26,12452,62,178,12799,73,14,8808,118,2156,8629,1133
GO:0016779,nucleotidyltransferase activity,molecular_function,49662,36539,13425,24994,118011,115809,14766,66949,95433,132994,116882,39815,40403,577,37078,19673,79525,66449,94355,20482,120602,37252,8757,35806,138793,142696,26666,76763,23082,94087,39279,21346,25646,90775,258078,22560,31089,35865,22730,80647,33578,16618,9269,18408,184229,24666,57248,37726,71772,129149,99557,5957,68318,22789,62330,87493,4634,48762,19188,14750,56138,40615,187914,70866,59357,25204,98270,17387,11818,177609,46905,47590,18470,66471,69559,19485,158408,16753,114954,47924,23800,15614,42005,39636,104597,12808,6791,6345,10164,91094,23770,2757,44545,98361,28183,179326,140866,80060,19551,101657,85385,107378,44048,85318,194236,116889,203212,12633,1916,59701,8770,49128,12589,40327,4540,7628,70940,29390,38143,56565,112000,11018,50982,17277,1791,113402,2140,11018,19286,76520,111649,106986,80673,40210,88251,34275,54122,68185,6591,25095,36851,21747,65516,1436,186115,20445,19948,65777,56942,37292,28856,122891,23237,97576,5753,110170,72548,5925,204420,121415,9578,74184,149195,39891,13447,56500,106894,21259,4643,134304,155067,8523,30248,22330,127114,36521,52184,25902,19792,5326,3893,14364,4520,3036,14070,4439,6787,6312,1420,3608,19701,6062,5131,10378,9956,12106,9250,5026,2946,17505,7939,2557,3249,9518,8420,7478,10792,4001,4149,7677,4261,3128,6060,4832,1718,10430,9984,1041,2871,4715,8639,2528,6610,9796,4365,6868,1601,3524,12311,1878,5452,6794,5959,11293,6645,4342,8262,4367,4850,11582,1697,7165,13587,7696,4654,20406,1256,4267,3036,2675,2785,7584,1860,8016,5283,5651,2858,8847,11304,1391,5568,9630,7456,645,4161,16290,5457,4245,4092,17394,7661,2548,4239,33,26777,160,592,3279,7,3261,25999,222,1661,38,194,289,105,8853,2309,1190,16192,8238,37,21225,469,5,16167,18420,910,224,5871,20,12930,443,1052,22846,33833,321,7545,1157,47,2237,311,637,10538,12,163,2724,36187,381,10515,76,10112,184,2868,20998,20125,1536,76,28,23,1193,51205,23580,12,12636,76,215,14599,115,11,8912,157,2182,8680,1907
GO:0004871,signal transducer activity,molecular_function,6845,8255,2677,8541,18650,21200,2949,13614,5253,21932,24787,3108,8049,129,7396,1230,11849,12959,22022,5987,27714,4933,2660,9417,23363,17413,6638,14872,6682,20543,6018,6335,4951,17539,54353,2903,4794,6133,7952,15280,8627,2417,2228,4903,34494,4312,10454,4849,20930,18064,21938,849,13502,2718,22602,16143,1413,14985,6398,4050,11149,7855,30216,11494,11564,2732,10317,4434,787,30646,9326,21166,2785,15619,20804,1068,32903,1144,21687,4232,4258,2213,10120,6132,19268,2269,1022,673,1309,12181,2039,768,7647,22270,3850,28224,22761,9203,3028,13581,17536,21569,11895,15218,36647,16427,33878,3144,595,13039,2772,7433,2071,3560,718,1043,20309,4669,11931,6291,13709,1499,10910,1627,455,27367,321,1337,3789,29770,16277,25439,16971,11162,13703,5236,7404,15189,1338,6307,8189,5438,14978,378,29882,5153,3312,9409,8492,5876,8020,19407,6360,24864,1129,24227,22518,877,28957,19750,2573,16411,23152,3709,1180,10229,18241,2433,975,27765,24883,688,9200,5939,13163,8108,8071,4315,4686,994,971,4240,1213,1609,3610,1174,1459,1342,1370,1017,4656,1042,1216,2387,1963,1007,3324,1640,1339,3355,1729,706,980,3369,1375,2651,1807,1071,1117,2121,1251,1012,1575,1176,680,1973,2900,226,835,1440,2061,790,1859,870,1213,2383,657,1399,2900,700,1747,2500,1338,2516,1469,1794,1692,2005,1138,2425,619,2279,3182,1759,1383,3474,631,1215,992,1143,927,1236,879,1432,1589,2247,823,1682,2168,745,1243,1925,1481,382,1213,4412,1601,1200,1061,3682,2212,835,1366,8,4840,35,78,704,1,597,4681,45,338,4,35,69,21,1303,347,213,3394,1695,7,3433,65,2,2814,2570,149,40,993,5,1844,85,128,3939,5815,37,1236,319,17,443,53,149,1575,2,37,676,4767,80,2175,9,2182,33,771,4845,3700,276,13,1,3,161,7152,4243,3,1811,6,31,2995,7,5,1349,22,411,1366,248
GO:0004872,receptor activity,molecular_function,7342,7969,3050,10097,16872,20306,3951,12720,3973,20847,24005,2793,8187,129,7563,1036,11211,12390,21250,7201,25583,4399,2363,12171,21571,16007,6913,14359,7336,20744,6027,7135,4943,17350,49669,2792,4438,6624,9472,14102,10295,2285,2454,5718,33210,4195,10386,4556,16882,16759,20536,923,12945,2557,22586,16463,1545,14057,7640,4299,10337,8211,28140,10448,11902,1982,9158,4583,784,28397,8924,27220,2625,17103,22949,848,30350,1205,20326,3874,5047,2134,10316,5593,18412,2573,982,616,1222,11028,1770,852,8184,21038,3700,25908,21582,8671,4609,16022,17316,19942,13004,14442,34193,14945,31632,3562,552,13189,3153,11373,2515,4535,714,1048,19135,5009,12744,6024,13036,1408,10174,1511,453,24179,328,1262,3582,25745,15067,23621,17183,9990,14391,5222,7286,15201,1363,7017,8526,5139,16217,346,27674,5563,3213,8344,9228,6310,8630,17897,5980,28024,1125,23010,21753,895,26483,18555,3126,15911,21457,3976,1029,9744,17001,2305,1105,26496,23137,601,9732,6419,11221,8330,7466,4550,4750,1073,1162,5203,1447,2681,4493,1315,1493,1664,1455,1152,12846,1118,1526,2793,2184,974,4942,1965,3407,3555,2353,900,1221,4985,1566,3106,1809,1381,1628,2276,2291,1204,2236,1328,745,2086,3283,275,933,1719,2627,974,2476,927,1644,3395,857,3058,4914,800,4112,3035,1662,3377,1472,2225,1955,2630,1361,2352,827,3103,3758,2232,2328,3477,961,1517,1348,1504,1472,1212,1138,1582,1860,2557,1190,2101,2636,1227,1523,2381,1753,481,1833,6284,1781,1525,1348,3575,2672,1233,2002,10,4784,42,142,1057,0,604,4233,41,312,6,36,65,23,1366,451,197,3204,1705,8,3253,72,1,3670,2478,196,39,953,4,3459,79,141,6998,5569,55,1151,310,21,430,49,152,1628,4,33,646,4891,77,2107,10,2074,44,933,4650,3568,482,21,2,7,189,6733,4032,7,1721,6,31,3300,8,5,1264,29,443,1273,302
GO:0003735,structural constituent of ribosome,molecular_function,61789,46319,17695,36780,174810,165293,18044,86587,113626,185132,153065,46456,51760,719,46518,24295,104706,92220,130710,27299,165531,49368,11256,42427,210500,216149,34275,106087,28026,137018,56238,27758,34331,134092,332627,32596,42479,43448,27935,115964,43883,23284,12116,22333,236255,36859,76424,52698,90568,184998,138848,7449,94179,27410,75246,120160,5605,65623,25099,18136,73278,57696,264264,106906,79271,28390,153691,22696,13159,270658,66336,59732,26462,89920,86062,20805,216757,18690,169101,57469,31156,24109,58176,54027,151214,14990,9868,8161,13705,116765,30807,3456,61374,133141,38861,269631,209460,121627,23853,143772,122261,152662,53661,110470,252004,175930,283398,16777,2582,87571,12856,75112,15412,47954,5926,9084,92594,35160,45085,76688,174911,12541,70714,19721,2332,147607,2596,15303,30162,102326,166676,143887,112502,51703,134658,43708,79395,96767,8669,33031,48504,32042,81349,1944,263081,27950,27125,92669,83068,44808,37044,165839,28246,124819,6704,155556,90195,7476,305394,153511,12644,96231,232321,69583,17359,74463,150458,28274,5878,184995,223317,10600,37391,26602,166320,47168,72731,32364,24906,6679,4847,19170,6396,3802,16813,6206,8245,7920,2020,5046,20658,7025,6910,13367,12770,11786,11221,5451,3597,21881,10267,3198,4214,11462,9598,10049,13653,5467,4972,7707,5255,4464,7821,6243,2482,13483,11953,1386,3887,6331,10667,3303,7669,9733,5529,7349,2298,4463,15994,2691,5857,7502,7419,13995,8124,5229,9611,5505,6266,15089,2228,8555,16965,10198,6222,24555,2115,5402,4060,3644,3565,8974,2459,10322,6901,7647,3827,7752,14108,1925,6892,11203,8903,889,5036,18871,6776,5645,5568,22793,9507,3400,5531,47,28021,191,916,3152,5,3839,34037,238,1698,26,202,384,125,12450,3197,1504,16582,10163,47,30288,493,10,19981,24055,1217,218,6659,12,19085,596,1382,29881,46761,394,8321,1602,79,2402,373,586,13261,13,274,3033,49776,532,12350,82,12502,209,3024,24269,31160,1531,81,14,33,1338,72533,33974,26,17652,48,233,18654,62,30,11053,179,2340,9282,2083
